area,dificuldade,enunciado,fonte,correta,incorretas,explicacao
GERAL,1,"Segundo a LGPD, o que é dado pessoal?","Art. 5º, I",Informação relacionada a pessoa natural identificada ou identificável,"Apenas CPF, RG e passaporte | Somente dados financeiros e bancários | Qualquer dado cadastral de uma empresa","Dado pessoal é a informação relacionada a pessoa natural identificada ou identificável (Art. 5º, I)."
GERAL,1,"Qual destes é dado pessoal sensível, na lista do Art. 5º, II?","Art. 5º, II",Filiação a sindicato,Número de telefone | Endereço residencial | Data de nascimento,"A lista do Art. 5º, II, inclui origem racial ou étnica, convicção religiosa, opinião política, filiação a sindicato, dado referente à saúde ou à vida sexual, dado genético ou biométrico. Telefone e endereço não estão nela."
GERAL,2,Uma empresa (pessoa jurídica) pode ser 'titular' de dados na LGPD?,"Art. 5º, I e V",Não: titular é sempre pessoa natural,"Sim, qualquer pessoa jurídica é titular | Sim, desde que seja microempresa | Apenas empresas públicas","Não. Titular é a pessoa natural a quem se referem os dados (Art. 5º, V); dado pessoal é informação relacionada a pessoa natural (Art. 5º, I). Os dados dos sócios e representantes, esses sim, são pessoais."
GERAL,1,Quem toma as decisões referentes ao tratamento de dados pessoais é o:,"Art. 5º, VI",Controlador,Operador | Titular | Encarregado,"Controlador: pessoa natural ou jurídica a quem competem as decisões referentes ao tratamento (Art. 5º, VI)."
GERAL,1,Quem realiza o tratamento de dados pessoais em nome do controlador é o:,"Art. 5º, VII",Operador,Controlador | Titular | Autoridade nacional,"Operador: pessoa natural ou jurídica que realiza o tratamento em nome do controlador (Art. 5º, VII)."
GERAL,1,O encarregado (DPO) atua como canal de comunicação entre:,"Art. 5º, VIII","O controlador, os titulares e a ANPD",Apenas a empresa e o Procon | O operador e os fornecedores | A empresa e a Receita Federal,"O encarregado é a pessoa indicada para atuar como canal de comunicação entre o controlador, os titulares dos dados e a ANPD (Art. 5º, VIII)."
GERAL,1,Qual destas operações é considerada 'tratamento' de dados pessoais?,"Art. 5º, X","Todas: coletar, armazenar, transmitir e eliminar",Apenas coletar | Apenas vender dados | Somente publicar na internet,"Tratamento é toda operação com dados pessoais: coleta, acesso, armazenamento, transmissão, eliminação, entre outras (Art. 5º, X). Até apagar dados é tratamento."
GERAL,2,Dados anonimizados são considerados dados pessoais para a LGPD?,Art. 12,"Não, salvo se a anonimização puder ser revertida com esforços razoáveis","Sim, sempre | Nunca, em nenhuma hipótese | Só se forem dados sensíveis","Não, salvo quando a anonimização for revertida com meios próprios ou puder ser revertida com esforços razoáveis (Art. 12). Dados usados para perfil comportamental de pessoa identificada podem ser pessoais (§ 2º)."
GERAL,1,"Para ser válido, o consentimento deve ser uma manifestação:","Art. 5º, XII","Livre, informada e inequívoca, para finalidade determinada","Presumida pelo silêncio do titular | Genérica, valendo para qualquer finalidade | Verbal e sem possibilidade de revogação","Consentimento é manifestação livre, informada e inequívoca pela qual o titular concorda com o tratamento para uma finalidade determinada (Art. 5º, XII)."
GERAL,2,Limitar o tratamento ao mínimo necessário para a finalidade é o princípio da:,"Art. 6º, III",Necessidade,Livre acesso | Qualidade dos dados | Prevenção,"Necessidade: limitação do tratamento ao mínimo necessário, com dados pertinentes, proporcionais e não excessivos em relação às finalidades (Art. 6º, III)."
GERAL,2,"Tratar dados para propósitos legítimos, específicos, explícitos e informados ao titular é o princípio da:","Art. 6º, I",Finalidade,Segurança | Não discriminação | Transparência,"Finalidade (Art. 6º, I), sem possibilidade de tratamento posterior de forma incompatível com esses propósitos."
GERAL,2,Demonstrar a adoção de medidas eficazes e capazes de comprovar o cumprimento da lei é o princípio da:,"Art. 6º, X",Responsabilização e prestação de contas,Adequação | Livre acesso | Qualidade dos dados,"Responsabilização e prestação de contas (accountability): demonstração, pelo agente, da adoção de medidas eficazes e da sua eficácia (Art. 6º, X)."
GERAL,2,Quantos princípios expressos o Art. 6º da LGPD lista (além da boa-fé do caput)?,Art. 6º,Dez,Cinco | Sete | Quinze,"Dez: finalidade, adequação, necessidade, livre acesso, qualidade dos dados, transparência, segurança, prevenção, não discriminação e responsabilização e prestação de contas (Art. 6º, I a X)."
GERAL,1,O consentimento é a única hipótese legal para tratar dados pessoais?,Art. 7º,Não: o Art. 7º prevê dez hipóteses legais,"Sim, é a única | Sim, exceto para órgãos públicos | Sim, para dados de clientes","Não. O Art. 7º lista dez hipóteses (I a X): consentimento, obrigação legal, políticas públicas, pesquisa, execução de contrato, exercício de direitos, proteção da vida, tutela da saúde, legítimo interesse e proteção do crédito."
GERAL,2,Tratar dados para cumprir uma exigência da lei ou de um regulador tem como base legal:,"Art. 7º, II",Cumprimento de obrigação legal ou regulatória,Consentimento do titular | Legítimo interesse | Proteção ao crédito,"Cumprimento de obrigação legal ou regulatória pelo controlador (Art. 7º, II)."
GERAL,2,A base legal de 'execução de contrato' exige que o tratamento seja necessário ao contrato e ocorra:,"Art. 7º, V","A pedido do titular, que é parte do contrato",Por decisão exclusiva da empresa | Com autorização da ANPD | Somente após consentimento por escrito,"A pedido do titular dos dados: tratamento necessário para a execução de contrato ou de procedimentos preliminares do qual o titular seja parte (Art. 7º, V)."
GERAL,3,O legítimo interesse só pode fundamentar tratamento para finalidades legítimas consideradas a partir de:,"Art. 7º, IX e Art. 10","Situações concretas, com teste de balanceamento",Qualquer vantagem comercial | Situações hipotéticas futuras | A vontade do gestor da área,"Situações concretas (Art. 10, caput). O Guia da ANPD (2024) afasta interesses baseados em situações abstratas ou meramente especulativas e recomenda o teste de balanceamento antes do tratamento."
GERAL,3,"Se a lei dispensa o consentimento em determinado caso, o controlador fica livre das demais obrigações da LGPD?","Art. 7º, § 6º",Não: princípios e direitos do titular continuam valendo,"Sim, integralmente | Sim, exceto quanto à segurança | Sim, para dados não sensíveis","Não. A dispensa do consentimento não desobriga os agentes das demais obrigações, especialmente dos princípios e dos direitos do titular (Art. 7º, § 6º)."
GERAL,2,Autorizações genéricas para o tratamento de dados pessoais são:,"Art. 8º, § 4º",Nulas,Válidas por 12 meses | Válidas se assinadas | Válidas para dados não sensíveis,"Nulas. O consentimento deve referir-se a finalidades determinadas (Art. 8º, § 4º)."
GERAL,3,A quem cabe o ônus de provar que o consentimento foi obtido conforme a lei?,"Art. 8º, § 2º",Ao controlador,Ao titular | À ANPD | Ao operador,"Ao controlador (Art. 8º, § 2º). Por isso o consentimento por escrito deve constar de cláusula destacada (§ 1º)."
GERAL,2,O titular pode revogar o consentimento:,"Art. 8º, § 5º","A qualquer momento, por procedimento gratuito e facilitado","Somente após 12 meses | Apenas mediante pagamento de taxa | Nunca, depois de concedido","A qualquer momento, mediante manifestação expressa, por procedimento gratuito e facilitado (Art. 8º, § 5º)."
GERAL,3,O legítimo interesse pode ser usado como base legal para dados pessoais sensíveis?,Art. 11,Não: o Art. 11 não prevê essa hipótese para dados sensíveis,"Sim, sempre | Sim, com teste de balanceamento | Sim, para dados de saúde","Não. O Art. 11 não prevê legítimo interesse entre as hipóteses para dados sensíveis; a hipótese do Art. 7º, IX, só se aplica a dados não sensíveis (Guia de Legítimo Interesse da ANPD, 2024)."
GERAL,1,Qual destes é um direito do titular previsto no Art. 18?,"Art. 18, V",Portabilidade dos dados a outro fornecedor,Receber pagamento pelo uso dos dados | Acessar os dados de outros titulares | Exigir a demissão de quem tratou os dados,"Portabilidade dos dados a outro fornecedor, mediante requisição expressa (Art. 18, V). Os demais itens não constam da lei."
GERAL,2,Prazo para o controlador fornecer a declaração clara e completa sobre a existência de tratamento e o acesso:,"Art. 19, II",Até 15 dias,Até 72 horas | Até 30 dias | Até 90 dias,"Até 15 (quinze) dias, contados do requerimento do titular (Art. 19, II). Em formato simplificado, a resposta é imediata (Art. 19, I)."
GERAL,2,O atendimento aos requerimentos do titular (Art. 18) pode ser cobrado?,"Art. 18, § 5º","Não, é sem custos para o titular","Sim, uma taxa administrativa | Sim, se o pedido for por escrito | Sim, para portabilidade","Não: será atendido sem custos para o titular, nos prazos e termos previstos em regulamento (Art. 18, § 5º)."
GERAL,2,"Diante de decisão tomada unicamente com base em tratamento automatizado, o titular tem direito a:",Art. 20,Solicitar a revisão da decisão,Exigir indenização automática | Proibir o uso de computadores | Nada; decisões automatizadas são definitivas,"Solicitar a revisão da decisão, inclusive as que definem perfil pessoal, profissional, de consumo e de crédito (Art. 20). O controlador deve informar os critérios, observados os segredos comercial e industrial (§ 1º)."
GERAL,2,"Após o término do tratamento, os dados pessoais devem ser eliminados, salvo conservação para:",Art. 16,"Obrigação legal, pesquisa, transferência lícita ou uso exclusivo anonimizado",Qualquer finalidade futura que a empresa imagine | Venda a parceiros comerciais | Nenhuma hipótese: sempre eliminar,"Cumprimento de obrigação legal ou regulatória; estudo por órgão de pesquisa; transferência a terceiro respeitada a lei; ou uso exclusivo do controlador, desde que anonimizados (Art. 16, I a IV)."
GERAL,2,O registro das operações de tratamento (ROPA) é obrigatório para:,Art. 37,O controlador e o operador,Somente o controlador | Somente o operador | Apenas órgãos públicos,"Controlador E operador: ambos devem manter registro das operações que realizarem, especialmente quando baseadas no legítimo interesse (Art. 37)."
GERAL,3,"O relatório de impacto (RIPD) deve conter, no mínimo:","Art. 38, parágrafo único","Tipos de dados, metodologia de coleta e segurança, e medidas de mitigação de risco",Apenas a lista de funcionários | O faturamento da empresa | A senha dos sistemas,"A descrição dos tipos de dados coletados, a metodologia de coleta e de garantia da segurança e a análise das medidas, salvaguardas e mecanismos de mitigação de risco adotados (Art. 38, parágrafo único)."
GERAL,2,A identidade e o contato do encarregado devem ser:,"Art. 41, § 1º","Divulgados publicamente, preferencialmente no site",Mantidos em sigilo | Informados apenas à ANPD | Divulgados só a pedido judicial,"Divulgados publicamente, de forma clara e objetiva, preferencialmente no sítio eletrônico do controlador (Art. 41, § 1º). A Resolução CD/ANPD nº 18/2024 exige o nome completo, não apenas um e-mail."
GERAL,1,Orientar os funcionários e contratados sobre as práticas de proteção de dados é atribuição do:,"Art. 41, § 2º, III",Encarregado,Titular | Operador | Sindicato,"Do encarregado, entre suas atividades legais (Art. 41, § 2º, III), ao lado de receber comunicações dos titulares e da ANPD e adotar providências."
GERAL,3,O operador responde solidariamente pelos danos quando:,"Art. 42, § 1º, I",Descumpre a lei ou as instruções lícitas do controlador,"Sempre, em qualquer caso | Nunca; a responsabilidade é só do controlador | Apenas se for empresa pública","Descumprir as obrigações da legislação de proteção de dados ou não seguir as instruções lícitas do controlador, hipótese em que se equipara ao controlador (Art. 42, § 1º, I)."
GERAL,2,As medidas de segurança do Art. 46 devem ser observadas:,"Art. 46, § 2º",Desde a concepção do produto ou serviço até a execução,Somente após o lançamento | Apenas quando a ANPD exigir | Só para sistemas com dados sensíveis,"Desde a fase de concepção do produto ou do serviço até a sua execução (Art. 46, § 2º)."
GERAL,2,"Quem deve comunicar um incidente de segurança com risco relevante, e a quem?",Art. 48,"O controlador, à ANPD e aos titulares","O operador, apenas à ANPD | O encarregado, apenas à polícia | Ninguém, se o incidente foi interno","O controlador, à autoridade nacional E ao titular (Art. 48, caput). A ANPD esclarece que comunicar só à ANPD não cumpre a obrigação; havendo risco relevante, os titulares devem ser comunicados."
GERAL,2,Prazo para o controlador comunicar à ANPD um incidente que possa acarretar risco ou dano relevante:,"Art. 48 + Resolução CD/ANPD nº 15/2024, art. 6º","3 dias úteis, contados do conhecimento de que afetou dados pessoais",72 horas | 30 dias corridos | Não há prazo definido,"Três dias úteis, contados do conhecimento pelo controlador de que o incidente afetou dados pessoais (Res. CD/ANPD nº 15/2024, art. 6º, § 1º). As 72 horas são regra do GDPR europeu, não da LGPD."
GERAL,3,"Agentes de tratamento de pequeno porte, pela Resolução CD/ANPD nº 2/2022:","Res. CD/ANPD nº 2/2022, arts. 11 e 14",Dispensados do encarregado (com canal ao titular) e com prazos em dobro,Totalmente isentos da LGPD | Obrigados a ter encarregado certificado | Sujeitos a multa em dobro,"Não são obrigados a indicar encarregado, mas devem manter canal de comunicação com o titular (art. 11), e têm prazos em dobro para atender titulares e comunicar incidentes (art. 14)."
GERAL,1,A multa simples prevista na LGPD pode chegar a:,"Art. 52, II","2% do faturamento, limitada a R$ 50 milhões por infração","10% do faturamento, sem limite | R$ 1.000 por dia, sem teto | Prisão do administrador","Até 2% do faturamento da pessoa jurídica, grupo ou conglomerado no Brasil no último exercício, excluídos os tributos, limitada, no total, a R$ 50.000.000,00 por infração (Art. 52, II)."
GERAL,3,Órgãos e entidades públicos podem receber multa da ANPD?,"Art. 52, § 3º",Não: só advertência e sanções não pecuniárias,"Sim, como qualquer empresa | Sim, em dobro | Sim, mas só multa diária","Não. A eles aplicam-se apenas advertência e as sanções não pecuniárias (incisos I, IV, V, VI, X, XI e XII), conforme Art. 52, § 3º, e Res. CD/ANPD nº 4/2023, art. 3º, § 5º."
GERAL,3,As sanções administrativas da LGPD (arts. 52 a 54) passaram a vigorar em:,"Art. 65, I-A",1º de agosto de 2021,15 de agosto de 2018 | 18 de setembro de 2020 | 1º de janeiro de 2023,"1º de agosto de 2021, por força da Lei nº 14.010/2020 (Art. 65, I-A). Os demais artigos vigoram desde 18/09/2020 e a estrutura da ANPD desde 28/12/2018."
GERAL,3,"Pela Resolução CD/ANPD nº 18/2024, o encarregado:","Res. CD/ANPD nº 18/2024, arts. 12, 14 e 19","Pode ser pessoa jurídica, não exige certificação e pode acumular funções sem conflito",Deve ser advogado com certificação | Deve ser funcionário exclusivo | Deve ser registrado na ANPD,"Pode ser pessoa natural ou jurídica (art. 12); não precisa de certificação ou formação específica (art. 14); pode acumular funções e atender mais de um agente, desde que sem conflito de interesse (art. 19)."
GERAL,2,Uma empresa com sede no exterior que oferece serviços a pessoas localizadas no Brasil está sujeita à LGPD?,"Art. 3º, II","Sim, pela oferta a indivíduos localizados no Brasil","Não, só empresas brasileiras | Só se tiver filial no Brasil | Só se for empresa de tecnologia","Sim. A lei se aplica independentemente do país da sede quando a atividade tem por objetivo a oferta de bens ou serviços ou o tratamento de dados de indivíduos localizados no território nacional (Art. 3º, II)."
GERAL,2,A LGPD NÃO se aplica ao tratamento de dados feito por pessoa natural para:,"Art. 4º, I",Fins exclusivamente particulares e não econômicos,Fins comerciais | Prestação de serviços | Cobrança de clientes,"Fins exclusivamente particulares e não econômicos (Art. 4º, I) — por exemplo, a agenda de contatos pessoal."
RH,1,Um atestado médico entregue ao RH é classificado como:,"Art. 5º, II",Dado pessoal sensível,Dado anonimizado | Dado público | Dado não pessoal,"Dado pessoal sensível: dado referente à saúde (Art. 5º, II)."
RH,1,A impressão digital coletada para o registro de ponto é:,"Art. 5º, II","Dado biométrico, portanto sensível","Dado comum, como o nome | Dado anonimizado | Dado sem proteção legal","Dado biométrico, que a lei classifica como dado pessoal sensível (Art. 5º, II), sujeito às hipóteses do Art. 11."
RH,1,A informação de que um empregado é filiado a sindicato é:,"Art. 5º, II",Dado pessoal sensível,Dado público por natureza | Dado comum | Dado irrelevante para a LGPD,"Dado pessoal sensível: 'filiação a sindicato ou a organização de caráter religioso, filosófico ou político' (Art. 5º, II)."
RH,2,A base legal típica para o RH tratar dados da folha de pagamento é:,"Art. 7º, II",Cumprimento de obrigação legal ou regulatória,Consentimento do empregado | Legítimo interesse do concorrente | Não é necessária base legal,"Cumprimento de obrigação legal ou regulatória pelo controlador (Art. 7º, II) — as obrigações trabalhistas e previdenciárias. Não depende de consentimento."
RH,2,O tratamento necessário para executar o contrato de trabalho de que o empregado é parte tem base no:,"Art. 7º, V","Art. 7º, V — execução de contrato","Art. 7º, X — proteção do crédito | Art. 7º, IV — pesquisa | Art. 7º, III — políticas públicas","Art. 7º, V: execução de contrato ou de procedimentos preliminares do qual seja parte o titular, a pedido dele."
RH,2,Dados de saúde do empregado (sensíveis) podem ser tratados sem consentimento quando indispensáveis para:,"Art. 11, II, 'a'",Cumprir obrigação legal ou regulatória,Atender ao legítimo interesse da empresa | Fazer marketing interno | Proteger o crédito,"Cumprimento de obrigação legal ou regulatória pelo controlador (Art. 11, II, 'a') — uma das hipóteses de dispensa de consentimento para dados sensíveis."
RH,3,"A hipótese de 'tutela da saúde' do Art. 11, II, 'f', aplica-se:","Art. 11, II, 'f'","Só a profissionais, serviços de saúde ou autoridade sanitária",A qualquer departamento que receba um atestado | A todas as empresas com plano de saúde | Ao setor financeiro,"Exclusivamente em procedimento realizado por profissionais de saúde, serviços de saúde ou autoridade sanitária. O RH, ao guardar um atestado, não a invoca — apoia-se na obrigação legal (alínea 'a')."
RH,2,"Currículos de candidatos não contratados, encerrado o processo seletivo, devem:",Arts. 15 e 16,"Ser eliminados, salvo hipótese legal de conservação",Ser guardados indefinidamente | Ser vendidos a agências de emprego | Ser publicados na intranet,"Ser eliminados após o término do tratamento (Art. 15, I; Art. 16), salvo conservação nas hipóteses do Art. 16 — por exemplo, cumprimento de obrigação legal."
RH,3,"Tratar dados de um candidato durante o processo seletivo, a pedido dele, pode ter base em:","Art. 7º, V","Procedimentos preliminares a contrato, a pedido do titular",Proteção do crédito | Tutela da saúde | Políticas públicas,"Procedimentos preliminares relacionados a contrato do qual o titular será parte, a pedido do titular (Art. 7º, V). O legítimo interesse também é possível, com teste de balanceamento (Guia ANPD 2024)."
RH,2,Dados de dependentes menores do empregado devem ser tratados:,Art. 14 + Enunciado CD/ANPD nº 1/2023,"No melhor interesse do menor, com base legal dos arts. 7º ou 11","Livremente, como os do titular adulto | Somente com ordem judicial | Nunca; é proibido","No melhor interesse da criança ou adolescente (Art. 14). O Enunciado nº 1/2023 admite qualquer hipótese dos arts. 7º ou 11, desde que observado e prevalecente o melhor interesse, avaliado no caso concreto."
RH,2,"Ao compartilhar dados do empregado com o plano de saúde, a empresa deve observar principalmente:","Art. 6º, I e VI; Art. 9º",Finalidade específica e transparência ao titular,"Nada, é compartilhamento livre | Apenas aviso ao gestor | Autorização do sindicato","Finalidade específica e transparência: o titular tem direito a informações claras sobre o uso compartilhado e sua finalidade (Art. 9º, V; Art. 6º, I e VI)."
RH,3,Operadoras de planos de saúde podem usar dados de saúde para selecionar riscos ao contratar beneficiários?,"Art. 11, § 5º","Não, é vedado pela lei","Sim, livremente | Sim, com consentimento | Sim, para planos coletivos","Não. É vedado às operadoras de planos privados o tratamento de dados de saúde para seleção de riscos na contratação e na contratação ou exclusão de beneficiários (Art. 11, § 5º)."
RH,3,"Monitorar empregados com webcam e registro de teclas (keylogger), segundo o Guia de Legítimo Interesse da ANPD:","Guia Orientativo Legítimo Interesse (ANPD, 2024)","É excessivo e desproporcional, mesmo se informado previamente",É permitido se constar no contrato | É obrigatório para segurança | É permitido em home office,"Não é admitido com base no legítimo interesse: interfere de forma excessiva e desproporcional nos direitos do titular, mesmo que a atividade tenha sido previamente informada (exemplo do próprio Guia)."
RH,2,"Publicar a lista de aniversariantes com a data de nascimento completa, sem avaliar necessidade, fere o princípio da:","Art. 6º, I e III",Necessidade,Portabilidade | Gratuidade | Reciprocidade,"Necessidade (Art. 6º, III — mínimo necessário) e finalidade (Art. 6º, I): a data completa de nascimento excede o que a comemoração exige."
RH,2,Os empregados que tratam dados no exercício das suas funções são considerados operadores?,"Guia Orientativo Agentes de Tratamento (ANPD, v2.0, 2022)","Não: atuam sob o poder diretivo da organização, que é o agente","Sim, cada um é um operador | Sim, se tiverem cargo de chefia | Sim, quando usam computador","Não. Indivíduos subordinados (funcionários, equipes) atuam sob o poder diretivo do agente de tratamento; a organização é o agente. O operador deve ser entidade distinta do controlador (Guia de Agentes da ANPD)."
RH,1,Afixar a lista de CPFs dos empregados no mural da empresa viola principalmente:,"Art. 6º, III e VII",Necessidade e segurança,Portabilidade | Livre acesso | Não discriminação,"Necessidade e segurança: exposição de dados a acessos não autorizados sem finalidade que a justifique (Art. 6º, III e VII; Art. 46)."
RH,2,Documentos trabalhistas de ex-empregados são conservados após o desligamento com base em:,"Art. 16, I",Cumprimento de obrigação legal ou regulatória,Consentimento do ex-empregado | Curiosidade histórica | Não podem ser conservados,"Conservação autorizada para cumprimento de obrigação legal ou regulatória pelo controlador (Art. 16, I), pelos prazos que a legislação trabalhista e previdenciária exigir."
RH,2,Um ex-empregado pede acesso aos seus dados. A declaração clara e completa deve ser fornecida em até:,"Art. 18, II; Art. 19, II",15 dias,48 horas | 60 dias | 6 meses,"15 dias, contados do requerimento (Art. 19, II); em formato simplificado, imediatamente (Art. 19, I)."
RH,3,O ex-empregado pede a eliminação de dados que a empresa é obrigada por lei a guardar. O RH deve:,"Art. 16, I; Art. 18, § 4º, II",Responder com as razões legais que impedem a eliminação,Apagar tudo imediatamente | Ignorar o pedido | Cobrar uma taxa,"Responder indicando as razões de fato ou de direito que impedem a providência (Art. 18, § 4º, II): a conservação é autorizada para cumprir obrigação legal (Art. 16, I)."
RH,2,"A empresa terceirizada que processa a folha de pagamento é, em regra:","Art. 5º, VII; Art. 39","Operadora, e deve seguir as instruções do controlador",Controladora conjunta sempre | Titular dos dados | Encarregada,Operadora: trata dados em nome do controlador e deve seguir as instruções fornecidas por ele (Art. 39).
RH,2,"Sobre o contrato entre o controlador e o operador, o Guia da ANPD orienta que:","Guia Orientativo Agentes de Tratamento (ANPD, v2.0, 2022); Art. 39","É boa prática, com instruções claras que o controlador verifica",É proibido pela LGPD | Só é necessário para órgãos públicos | Substitui a necessidade de base legal,"A LGPD não exige expressamente o contrato, mas ele se mostra uma boa prática — e o controlador deve verificar a observância das suas instruções (Art. 39)."
RH,1,Promover treinamento periódico de LGPD para os empregados relaciona-se à atribuição legal do encarregado de:,"Art. 41, § 2º, III",Orientar funcionários e contratados,Aplicar multas | Fiscalizar a ANPD | Aprovar contratações,"Orientar os funcionários e os contratados a respeito das práticas de proteção de dados (Art. 41, § 2º, III)."
RH,3,"Indicar o chefe do RH como encarregado, mantendo-o na chefia, pode configurar:","Res. CD/ANPD nº 18/2024, art. 19; Guia Atuação do Encarregado (2024)",Conflito de interesse,"Uma exigência da lei | A situação ideal, por conhecer os dados | Nada relevante","Conflito de interesse: o Guia cita chefia de recursos humanos, TI, finanças ou saúde como posições que decidem meios e objetivos do tratamento, comprometendo a objetividade do encarregado."
RH,3,Uma planilha com salários foi enviada por e-mail a um destinatário errado. Isso é um incidente relevante?,"Res. CD/ANPD nº 15/2024, art. 5º, III",Pode ser: dados financeiros são critério de risco relevante,"Não, e-mail interno nunca é incidente | Só se houver mais de mil pessoas | Só se o destinatário reclamar",Pode ser: dados financeiros são um dos critérios de risco ou dano relevante quando o incidente puder afetar significativamente direitos dos titulares (art. 5º). O controlador deve avaliar e registrar o incidente.
RH,2,Vazamento de dados de saúde de empregados: em quanto tempo o controlador deve comunicar a ANPD?,"Res. CD/ANPD nº 15/2024, arts. 5º e 6º",3 dias úteis do conhecimento,72 horas | 15 dias | Não precisa,"Dados sensíveis são critério de risco relevante (art. 5º, I); a comunicação deve ocorrer em 3 dias úteis do conhecimento de que o incidente afetou dados pessoais (art. 6º)."
RH,2,"Ao enviar holerites ou dados de salário por e-mail, o Guia de Segurança da ANPD recomenda:","Guia Segurança da Informação para pequeno porte (ANPD, 2021)",Usar conexões cifradas ou criptografia fim a fim,Enviar em texto simples | Usar pendrive sem senha | Publicar no grupo da equipe,"Conexões cifradas (TLS/HTTPS) ou aplicativos com criptografia fim a fim, inclusive para e-mails com salários ou prontuários."
RH,1,"Termos de confidencialidade (NDA) com funcionários são, segundo o Guia de Segurança da ANPD:","Guia Segurança da Informação para pequeno porte (ANPD, 2021)",Medida administrativa recomendada,Proibidos pela LGPD | Exigidos apenas para diretores | Substitutos do treinamento,"Uma medida administrativa recomendada dentro do gerenciamento de contratos, ao lado de cláusulas de segurança com terceiros."
RH,2,Um gestor consulta o exame admissional de um subordinado sem necessidade para a função. Isso fere:,"Art. 6º, III; Guia Segurança (ANPD): menor privilégio",A necessidade e o controle de acesso por menor privilégio,"Nada, ele é o chefe | Apenas a etiqueta | A portabilidade","O princípio da necessidade (Art. 6º, III) e o controle de acesso na proporção da necessidade ('menor privilégio', 'need to know') do Guia de Segurança da ANPD; dados de saúde são sensíveis (Art. 5º, II)."
RH,3,Ponto biométrico para todos os empregados: o que a Resolução CD/ANPD nº 2/2022 diz sobre o risco?,"Res. CD/ANPD nº 2/2022, art. 4º; Art. 38",Dados sensíveis são critério de alto risco; a ANPD pode exigir RIPD,É sempre de baixo risco | É proibido | Dispensa qualquer avaliação,"O uso de dados sensíveis é critério específico de alto risco (art. 4º, II, 'd'), combinado a um critério geral; a ANPD pode determinar a elaboração de RIPD (Art. 38)."
RH,3,"O que é pseudonimização, segundo a LGPD?","Art. 13, § 4º","Perda da associação ao indivíduo, salvo com informação adicional guardada separadamente",Exclusão definitiva dos dados | Publicação sem o nome | O mesmo que anonimização,"Tratamento pelo qual um dado perde a associação direta ou indireta a um indivíduo, senão pelo uso de informação adicional mantida separadamente pelo controlador em ambiente controlado e seguro (Art. 13, § 4º)."
RH,2,Pedir consentimento do empregado para processar a folha de pagamento é:,"Art. 7º, II; Art. 8º, § 4º",Desnecessário: a base correta é a obrigação legal,Obrigatório por lei | Recomendado para todo tratamento | Exigido pela ANPD,"Desnecessário e inadequado: a base é a obrigação legal (Art. 7º, II). Consentimento genérico é nulo (Art. 8º, § 4º) e a dispensa do consentimento não afasta as demais obrigações (Art. 7º, § 6º)."
FINANCEIRO,1,Notas fiscais e documentos contábeis com dados pessoais são conservados com base em:,"Art. 7º, II; Art. 16, I",Cumprimento de obrigação legal ou regulatória,Consentimento do cliente | Marketing | Legítimo interesse do contador,"Cumprimento de obrigação legal ou regulatória: a lei autoriza conservar os dados após o término do tratamento para esse fim (Art. 16, I)."
FINANCEIRO,2,"Dados bancários e financeiros estão na lista de dados sensíveis do Art. 5º, II?","Art. 5º, II; Res. CD/ANPD nº 15/2024, art. 5º, III","Não, mas são critério de risco relevante em incidentes","Sim, são sensíveis | Não, e não exigem proteção | Só os de pessoa jurídica","Não estão na lista legal de sensíveis. Mas são critério de 'risco ou dano relevante' para comunicação de incidente (Res. 15/2024, art. 5º, III) e exigem proteção elevada (Art. 46)."
FINANCEIRO,2,A hipótese legal específica para o tratamento voltado à proteção do crédito é:,"Art. 7º, X","Art. 7º, X — proteção do crédito","Art. 7º, IV — pesquisa | Art. 7º, VII — proteção da vida | Art. 11 — dados sensíveis","Proteção do crédito, inclusive quanto ao disposto na legislação pertinente (Art. 7º, X)."
FINANCEIRO,3,"Dados sensíveis podem ser tratados, sem consentimento, para prevenção à fraude e segurança do titular quando:","Art. 11, II, 'g'",Na identificação e autenticação de cadastro em sistemas eletrônicos,Em qualquer análise de crédito | Para cobrança de dívidas | Para marketing de produtos financeiros,"Nos processos de identificação e autenticação de cadastro em sistemas eletrônicos, resguardados os direitos do Art. 9º, exceto se prevalecerem direitos e liberdades fundamentais do titular (Art. 11, II, 'g')."
FINANCEIRO,2,"Antes de usar o legítimo interesse para análise antifraude com dados não sensíveis, a ANPD recomenda:","Guia Orientativo Legítimo Interesse (ANPD, 2024)",Realizar e documentar o teste de balanceamento,Pedir autorização à ANPD | Publicar os critérios no jornal | Nada; basta a decisão da diretoria,"Realizar o teste de balanceamento (finalidade, necessidade, balanceamento e salvaguardas) para cada finalidade específica, documentando-o para demonstrar conformidade (Art. 6º, X; Art. 37)."
FINANCEIRO,1,Enviar por e-mail uma planilha de clientes sem qualquer proteção configura:,Art. 46,Falha nas medidas de segurança do Art. 46,Boa prática de agilidade | Exigência fiscal | Anonimização,Falha nas medidas técnicas e administrativas de segurança exigidas para proteger dados de acessos não autorizados e de comunicação acidental (Art. 46).
FINANCEIRO,1,Expor o valor da dívida de um cliente a terceiros durante a cobrança fere:,"Art. 6º, I e VII",Finalidade e segurança,"Nada, é permitido | Só a etiqueta comercial | A portabilidade","A finalidade e a segurança (comunicação não autorizada), além da privacidade que a lei protege (Art. 1º)."
FINANCEIRO,1,"Dados bancários de clientes exigem, quanto à segurança:",Art. 46; Guia Segurança (ANPD),"Controle de acesso, senhas fortes e autenticação multifator",Nenhum cuidado especial | Publicação periódica | Compartilhamento livre,"Medidas aptas a proteger de acessos não autorizados: controle de acesso proporcional à necessidade, senhas complexas e, preferencialmente, autenticação multifator (Guia de Segurança da ANPD)."
FINANCEIRO,2,"Após o fim da relação com o cliente e dos prazos legais de guarda, os dados financeiros devem ser:",Art. 16,Eliminados,Mantidos para sempre | Vendidos | Publicados,"Eliminados após o término do tratamento, salvo as hipóteses de conservação do Art. 16."
FINANCEIRO,2,"Ao consultar bureau de crédito sobre um cliente, a empresa deve garantir:","Art. 6º, VI; Art. 7º, X",Base legal adequada e transparência ao titular,Sigilo total sobre a consulta | Autorização verbal apenas | Nada; consulta é livre,"Base legal adequada (proteção do crédito, Art. 7º, X) e transparência: informações claras e acessíveis sobre o tratamento (Art. 6º, VI)."
FINANCEIRO,2,A contabilidade externa que recebe dados de clientes e empregados para escrituração é:,"Art. 5º, VII; Art. 39","Operadora, que deve seguir as instruções do controlador",Titular | Autoridade nacional | Controladora exclusiva,Operadora: trata os dados em nome do controlador e deve seguir suas instruções (Art. 39). O Guia da ANPD recomenda contrato com cláusulas de proteção de dados.
FINANCEIRO,2,Uma mensagem de cobrança que revela a dívida a um familiar do devedor viola:,"Art. 6º, VII",A segurança (comunicação não autorizada),A gratuidade | A qualidade dos dados | Nada,"A segurança: os dados devem ser protegidos de comunicação ou difusão não autorizada (Art. 6º, VII; Art. 46)."
FINANCEIRO,2,O cliente quer saber com quais entidades a empresa compartilhou seus dados. Ele tem esse direito?,"Art. 18, VII","Sim, é direito do titular (Art. 18, VII)","Não, é segredo comercial absoluto | Só com ordem judicial | Só se pagar uma taxa","Sim: informação das entidades públicas e privadas com as quais o controlador realizou uso compartilhado de dados (Art. 18, VII)."
FINANCEIRO,2,"O direito de portabilidade dos dados (Art. 18, V) é exercido:","Art. 18, V e § 7º","Mediante requisição expressa, conforme regulamentação da ANPD","Automaticamente, todo mês | Apenas por ordem judicial | Nunca","Mediante requisição expressa, de acordo com a regulamentação da autoridade nacional, observados os segredos comercial e industrial; não inclui dados já anonimizados (§ 7º)."
FINANCEIRO,2,Um cliente teve crédito negado por decisão unicamente automatizada. Ele pode:,Art. 20,Solicitar a revisão da decisão,Exigir aprovação automática | Nada; a decisão é definitiva | Processar o operador do sistema apenas,"Solicitar a revisão da decisão, inclusive as destinadas a definir perfil de crédito (Art. 20, caput)."
FINANCEIRO,3,"Sobre os critérios da decisão automatizada de crédito, o controlador deve:","Art. 20, § 1º","Informar critérios e procedimentos, observados os segredos comercial e industrial",Manter tudo em sigilo absoluto | Entregar o código-fonte | Nada; não há dever de informar,"Fornecer, sempre que solicitadas, informações claras e adequadas sobre os critérios e procedimentos, observados os segredos comercial e industrial (Art. 20, § 1º)."
FINANCEIRO,2,"No cálculo da multa simples, o faturamento considerado é:","Art. 52, II","Do último exercício no Brasil, excluídos os tributos","Mundial, com tributos | Apenas do mês da infração | Do faturamento projetado","O da pessoa jurídica, grupo ou conglomerado no Brasil, no último exercício, excluídos os tributos — até 2%, limitado a R$ 50 milhões por infração (Art. 52, II)."
FINANCEIRO,3,A multa diária da LGPD:,"Art. 52, III",Observa o mesmo teto total da multa simples,Não tem limite | É fixa em R$ 1.000 | Só se aplica a bancos,"Observa o mesmo limite total da multa simples (R$ 50 milhões por infração) — Art. 52, III; Res. 4/2023, art. 16."
FINANCEIRO,3,"Pela dosimetria da ANPD, cessar a infração ANTES de a ANPD instaurar procedimento reduz a multa em:","Res. CD/ANPD nº 4/2023, art. 13, I, 'a'",75%,10% | 25% | 100%,"75%. Após o procedimento preparatório, 50%; após o processo sancionador, 30% (art. 13, I)."
FINANCEIRO,3,"Cada reincidência específica agrava a multa, pela Resolução CD/ANPD nº 4/2023, em:","Res. CD/ANPD nº 4/2023, art. 12, I","10% por caso, até 40%",50% por caso | 1% por caso | Não agrava,"10% por caso, até o limite de 40% (art. 12, I). Reincidência específica é repetir infração ao mesmo dispositivo em 5 anos (art. 2º)."
FINANCEIRO,3,Prazo para pagar a multa aplicada pela ANPD e efeito da renúncia ao recurso:,"Res. CD/ANPD nº 4/2023, arts. 17 e 18",20 dias úteis; renúncia ao recurso reduz 25%,30 dias corridos; sem redução | 5 dias; redução de 50% | 1 ano; sem redução,20 dias úteis da ciência da decisão (em dobro para pequeno porte); renúncia expressa ao recurso com pagamento no prazo dá redução de 25%.
FINANCEIRO,3,O produto das multas aplicadas pela ANPD é destinado ao:,"Art. 52, § 5º",Fundo de Defesa de Direitos Difusos,Tesouro do Estado | Caixa da própria ANPD | Titular prejudicado,"Fundo de Defesa de Direitos Difusos (Art. 52, § 5º)."
FINANCEIRO,2,Vazamento de dados de cartão e conta de clientes: qual o prazo de comunicação à ANPD?,"Res. CD/ANPD nº 15/2024, arts. 5º, III, e 6º",3 dias úteis,72 horas | 10 dias corridos | Não há prazo,Dados financeiros são critério de risco relevante; a comunicação à ANPD e aos titulares é em 3 dias úteis do conhecimento de que afetou dados pessoais.
FINANCEIRO,2,"Sobre cópias de segurança (backups) com dados pessoais, o Guia de Segurança da ANPD recomenda:","Guia Segurança da Informação para pequeno porte (ANPD, 2021)","Regulares, em local distinto e sem sincronização em tempo real",Só no mesmo servidor | Apenas em pendrive | Dispensáveis,"Backups regulares, completos, armazenados em locais seguros e distintos dos dispositivos principais, e que não sejam sincronizados online em tempo real (proteção contra ransomware)."
FINANCEIRO,2,"Pendrives e HDs externos com dados pessoais, segundo o Guia de Segurança da ANPD:","Guia Segurança (ANPD, 2021)","Evitar; se usar, inventariar, cifrar e guardar em local seguro",Usar livremente | Só com etiqueta | Compartilhar entre equipes,"Devem ser evitados; se imprescindíveis, inventariados, com dados cifrados e guardados em local seguro."
FINANCEIRO,2,O CNPJ e a razão social de um cliente pessoa jurídica são dados pessoais?,"Art. 5º, I e V","Não, mas os dados dos sócios e contatos são","Sim, todos | Sim, e são sensíveis | Depende do faturamento","Não: referem-se a pessoa jurídica. Já os dados dos sócios, representantes e contatos (pessoas naturais) são dados pessoais."
FINANCEIRO,3,"Para compartilhar com outro controlador dados obtidos com consentimento, o controlador deve:","Art. 7º, § 5º",Obter consentimento específico para o compartilhamento,Nada; o primeiro consentimento basta | Avisar a ANPD | Cobrar do parceiro,"Obter consentimento específico do titular para esse fim, ressalvadas as hipóteses de dispensa (Art. 7º, § 5º)."
FINANCEIRO,3,"A troca de bancos de dados pessoais entre duas empresas privadas é chamada, na LGPD, de:","Art. 5º, XVI",Uso compartilhado de dados,Anonimização | Bloqueio | Portabilidade,"Uso compartilhado de dados: comunicação, difusão, transferência internacional, interconexão ou tratamento compartilhado de bancos de dados, inclusive entre entes privados (Art. 5º, XVI)."
FINANCEIRO,3,"Pagar um fornecedor no exterior enviando dados pessoais para lá exige, pela Resolução CD/ANPD nº 19/2024:","Res. CD/ANPD nº 19/2024, art. 9º; Art. 33",Base legal E um mecanismo do Art. 33,"Apenas o câmbio aprovado | Nada, pagamento não é tratamento | Autorização do Banco Central","Uma hipótese legal do Art. 7º ou 11 E um mecanismo válido do Art. 33 — por exemplo, o inciso IX admite a transferência necessária às hipóteses de obrigação legal, contrato e exercício de direitos."
FINANCEIRO,1,"As atividades de tratamento do Financeiro (faturamento, cobrança) devem constar do:",Art. 37,Registro das operações de tratamento (ROPA),Balanço patrimonial | Livro de ponto | Site da ANPD,"Registro das operações de tratamento (ROPA), obrigatório para controlador e operador (Art. 37)."
FINANCEIRO,1,"Um cliente reclama do uso dos seus dados. Quem, na empresa, tem a atribuição legal de aceitar e tratar a reclamação?","Art. 41, § 2º, I",O encarregado,O gerente comercial | O contador | A ANPD,"O encarregado: aceitar reclamações e comunicações dos titulares, prestar esclarecimentos e adotar providências."
MARKETING,1,O consentimento válido para marketing deve ser uma manifestação:,"Art. 5º, XII","Livre, informada e inequívoca","Presumida pela navegação | Genérica, para qualquer finalidade | Permanente e irrevogável","Livre, informada e inequívoca, para finalidade determinada (Art. 5º, XII). O Guia de Cookies da ANPD acrescenta: manifestação clara e positiva, nunca inferida de omissão."
MARKETING,2,Disparar e-mail marketing para uma base de contatos comprada de terceiros:,"Art. 7º, § 5º; Art. 6º, I",Carece de hipótese legal e fere a finalidade informada,É prática recomendada | É permitido se a base for antiga | Não envolve dados pessoais,"Carece de hipótese legal: quem obteve consentimento e quer compartilhar com outro controlador precisa de consentimento específico para isso (Art. 7º, § 5º), e a finalidade deve ter sido informada ao titular (Art. 6º, I)."
MARKETING,2,"Para cookies NÃO necessários (rastreamento, publicidade), o Guia da ANPD aponta como base mais apropriada:","Guia Orientativo Cookies (ANPD, 2022)",O consentimento,A obrigação legal | A proteção do crédito | A tutela da saúde,"O consentimento: 'o recurso ao consentimento será mais apropriado quando a coleta for realizada por cookies não necessários', especialmente os de publicidade."
MARKETING,3,"Para cookies estritamente necessários ao funcionamento do site, o Guia da ANPD orienta que:","Guia Orientativo Cookies (ANPD, 2022); Art. 10",O legítimo interesse pode ser a base; consentimento não é apropriado,Exigem consentimento prévio | São proibidos | Dispensam qualquer base,"O legítimo interesse poderá ser a hipótese apropriada; NÃO é apropriado usar consentimento, pois não há condições para manifestação livre (o site não funciona sem eles)."
MARKETING,2,"Um banner de cookies com um único botão 'Estou de acordo', sem opção de gerenciar ou rejeitar, é:","Guia Orientativo Cookies (ANPD, 2022)",Incompatível com a LGPD,A prática recomendada | Suficiente se houver política de privacidade | Obrigatório,"Incompatível com a LGPD, segundo exemplo do próprio Guia: o primeiro nível deve permitir rejeitar todos os cookies não necessários, com fácil visualização."
MARKETING,2,"Caixas pré-marcadas e a presunção de que 'continuar navegando' é consentir são, para a ANPD:","Guia Orientativo Cookies (ANPD, 2022)",Não recomendáveis: consentimento não pode ser tácito,Válidas se avisadas | Obrigatórias | Indiferentes,Não recomendáveis: o consentimento não pode ser tácito nem obtido por pré-seleção; exige manifestação clara e positiva.
MARKETING,2,"O banner de PRIMEIRO nível, segundo o Guia da ANPD, deve:","Guia Orientativo Cookies (ANPD, 2022)","Ter botão para rejeitar todos os não necessários, bem visível",Destacar apenas o botão 'Aceitar' | Listar cada cookie individualmente | Estar apenas em inglês,"Disponibilizar botão que permita rejeitar todos os cookies não necessários, de fácil visualização, e link para o exercício de direitos; o segundo nível permite consentir por finalidade."
MARKETING,2,A revogação do consentimento de cookies deve ser oferecida:,"Guia Cookies (ANPD); Art. 8º, § 5º","De forma simplificada e gratuita, similar à obtenção",Apenas por carta registrada | Somente ao encarregado | Não precisa ser oferecida,"Por procedimento simplificado e gratuito, similar ao usado para obtê-lo (Guia); a lei garante revogação a qualquer momento, gratuita e facilitada (Art. 8º, § 5º)."
MARKETING,3,"Usar o legítimo interesse para cookies de publicidade que formam perfis de usuários é, para a ANPD:","Guia Orientativo Cookies (ANPD, 2022)",Dificilmente apropriado; consentimento é a base indicada,Sempre adequado | Obrigatório | Indiferente,Dificilmente apropriado — especialmente cookies de terceiros e formação de perfis; o consentimento é a base mais adequada para publicidade.
MARKETING,3,Cookies analíticos de medição de audiência podem se apoiar no legítimo interesse quando:,"Guia Orientativo Cookies (ANPD, 2022)",Os dados são agregados e sem formação de perfis,Servem para anúncios personalizados | Vêm de terceiros | Duram vários anos,"Os dados são agregados, sem combinação com outros rastreadores e sem formação de perfis de usuários."
MARKETING,1,"Cookies 'de terceiros', pelo Guia da ANPD, são os:","Guia Orientativo Cookies (ANPD, 2022)",Criados por domínio diferente do site visitado,Usados por mais de três pessoas | Instalados há mais de três dias | Aprovados pela ANPD,Criados por um domínio diferente daquele que o titular está visitando (por oposição aos próprios/primários).
MARKETING,2,"Sobre a duração dos cookies persistentes, o Guia da ANPD recomenda:","Guia Orientativo Cookies (ANPD, 2022)",Limitar a duração; retenção indeterminada é incompatível,Manter por prazo indefinido | Fixar sempre em 10 anos | Não há orientação,"Limitar a duração no tempo tanto quanto possível; períodos de retenção indeterminados, excessivos ou desproporcionais não são compatíveis com a LGPD."
MARKETING,2,Dados usados para formar o perfil comportamental de uma pessoa identificada:,"Art. 12, § 2º",Podem ser considerados dados pessoais,Nunca são dados pessoais | São dados públicos | Só se incluírem o CPF,"Podem ser considerados dados pessoais para os fins da LGPD (Art. 12, § 2º), mesmo que parte deles pareça anônima."
MARKETING,2,Ofertas decididas unicamente por algoritmo com base no perfil de consumo do cliente dão a ele o direito de:,Art. 20,Solicitar a revisão da decisão,Receber a oferta obrigatoriamente | Nada | Processar o algoritmo,"Solicitar a revisão da decisão, inclusive as destinadas a definir perfil de consumo (Art. 20)."
MARKETING,1,O descadastro (opt-out) de campanhas baseadas em consentimento decorre de qual regra?,"Art. 8º, § 5º","Revogação do consentimento, gratuita e facilitada",Cortesia opcional | Exigência do Procon apenas | Regra do provedor de e-mail,"O consentimento pode ser revogado a qualquer momento, por procedimento gratuito e facilitado (Art. 8º, § 5º)."
MARKETING,3,A empresa quer usar os dados coletados com consentimento para uma finalidade nova e incompatível. Ela deve:,"Art. 9º, § 2º",Informar previamente; o titular pode revogar,Usar sem avisar | Apenas atualizar a política interna | Pedir autorização à ANPD,"Informar previamente o titular sobre a mudança de finalidade, podendo ele revogar o consentimento se discordar (Art. 9º, § 2º)."
MARKETING,2,"Se o consentimento for colhido por escrito em um contrato, ele deve:","Art. 8º, § 1º",Constar de cláusula destacada,Ficar diluído nas condições gerais | Ser verbal | Ser assinado pela ANPD,"Constar de cláusula destacada das demais cláusulas contratuais (Art. 8º, § 1º)."
MARKETING,2,"Condicionar o uso do site ao aceite integral de todos os cookies, sem opções efetivas, é:","Guia Orientativo Cookies (ANPD, 2022)","Consentimento forçado, incompatível com a LGPD",Prática aceita | Obrigatório para segurança | Válido se a política avisar,"Consentimento 'forçado', não compatível com a LGPD segundo o Guia: o titular precisa de possibilidade efetiva de aceitar ou recusar sem consequências negativas."
MARKETING,3,Um aplicativo educativo exibe a crianças publicidade de alimentos ultraprocessados. Pelo Guia da ANPD:,"Guia Legítimo Interesse (ANPD, 2024); Art. 14",Não há legítima expectativa nem melhor interesse: inadmissível por legítimo interesse,É permitido com aviso aos pais | É neutro para a LGPD | É incentivado,Não há legítima expectativa nem melhor interesse da criança — exemplo do próprio Guia de tratamento que não pode se apoiar no legítimo interesse.
MARKETING,2,"Coletar dados de crianças em uma promoção exige, pela regra do Art. 14:","Art. 14, §§ 1º e 4º","Consentimento de um dos pais ou responsável, sem exigir dados além do necessário",Só o consentimento da própria criança | Nenhuma exigência | Autorização escolar,"Consentimento específico e em destaque de pelo menos um dos pais ou do responsável legal (§ 1º), sem condicionar a participação ao fornecimento de dados além dos estritamente necessários (§ 4º)."
MARKETING,3,Dados tornados manifestamente públicos pelo titular (ex.: perfil aberto) podem ser tratados:,"Art. 7º, § 4º","Sem consentimento, mas respeitando direitos e princípios","Livremente, sem limites | Nunca | Só com ordem judicial","Com dispensa do consentimento, resguardados os direitos do titular e os princípios da lei (Art. 7º, § 4º) — não é 'terra de ninguém'."
MARKETING,3,"Ao avaliar se um tratamento por legítimo interesse está dentro da 'legítima expectativa' do titular, a ANPD considera:","Guia Legítimo Interesse (ANPD, 2024)","Relação prévia, fonte da coleta, contexto e compatibilidade da finalidade",Apenas o lucro esperado | A opinião do gerente de marketing | O tamanho da empresa,"A relação prévia com o titular, a fonte e a forma da coleta, o contexto e o período, e a compatibilidade da finalidade — o tratamento deve ser razoavelmente o esperado pelo titular naquele contexto."
MARKETING,3,"Divulgar aos alunos a campanha de uma escola de idiomas parceira (interesse de terceiro) é possível, pelo Guia da ANPD, se:","Guia Legítimo Interesse (ANPD, 2024); Art. 7º, IX",Houver teste de balanceamento e opção de descadastro,"Nunca | Sempre, sem formalidade | Só com consentimento notarial","Houver teste de balanceamento e mecanismo de descadastramento — exemplo do Guia de legítimo interesse de terceiro, que exige ônus argumentativo adicional."
MARKETING,2,"Enviar promoções dos próprios produtos a clientes atuais, com opção de descadastro, pode se apoiar em:","Art. 10, I e II; Guia Legítimo Interesse (ANPD, 2024)","Legítimo interesse, com salvaguardas e descadastro",Tutela da saúde | Proteção do crédito | Políticas públicas,"Legítimo interesse: apoio e promoção das atividades do controlador (Art. 10, I), respeitadas as legítimas expectativas e com salvaguardas como o descadastramento (exemplo do Guia)."
MARKETING,2,O titular pode se opor a um tratamento feito com base em hipótese de dispensa de consentimento?,"Art. 18, § 2º","Sim, em caso de descumprimento da lei, e pode peticionar à ANPD","Não, nunca | Só se tiver consentido antes | Só judicialmente","Sim, em caso de descumprimento da lei (Art. 18, § 2º). O Guia da ANPD acrescenta que, se a oposição não for atendida, o titular pode peticionar contra o controlador perante a ANPD."
MARKETING,2,Entre as informações que devem estar acessíveis ao titular (Art. 9º) estão:,Art. 9º,"Finalidade, duração, identificação e contato do controlador, compartilhamento e direitos",Apenas o nome do site | O faturamento da campanha | A lista de clientes,"Finalidade específica, forma e duração do tratamento, identificação e contato do controlador, uso compartilhado e sua finalidade, responsabilidades dos agentes e os direitos do titular."
MARKETING,1,"A política de cookies deve informar, segundo o Guia da ANPD:","Guia Orientativo Cookies (ANPD, 2022); Art. 9º","Finalidades, retenção e compartilhamento com terceiros","Apenas o nome da agência | O código dos cookies | Nada, é opcional","As finalidades específicas, o período de retenção e se há compartilhamento com terceiros, entre outros aspectos do Art. 9º — e pode ficar no aviso de privacidade, em página própria ou no banner."
MARKETING,2,"Qual a diferença entre política de privacidade e aviso de privacidade, pelo Guia do Encarregado da ANPD?","Guia Atuação do Encarregado (ANPD, 2024)",Política é interna; aviso é o documento público ao titular,São sinônimos | Aviso é interno; política é pública | Nenhum é necessário,"A política de privacidade é documento interno de governança; o aviso de privacidade é o documento público, voltado ao titular."
MARKETING,3,Usar uma ferramenta de e-mail marketing hospedada na União Europeia envolve transferência internacional. Ela é permitida porque:,"Art. 33, I; Res. CD/ANPD nº 32/2026; Res. nº 19/2024, art. 9º","Há decisão de adequação da UE, além da base legal do Art. 7º",Não é permitida | Basta o contrato com o fornecedor | Não é transferência internacional,"A ANPD reconheceu a União Europeia e o EEE como adequados (Res. nº 32/2026), mecanismo do Art. 33, I — mas ainda é preciso uma hipótese legal do Art. 7º ou 11 (Res. 19/2024, art. 9º)."
MARKETING,2,Vazou uma lista de e-mails de uma promoção infantil. Isso é incidente com risco relevante?,"Res. CD/ANPD nº 15/2024, art. 5º, II",Sim: dados de crianças são critério de risco relevante,"Não, e-mail não é dado pessoal | Só se houver senha junto | Só se a ANPD perguntar","Dados de crianças, adolescentes ou idosos são critério de risco ou dano relevante (art. 5º, II) quando o incidente puder afetar significativamente direitos dos titulares — avaliar, registrar e comunicar em 3 dias úteis."
TI,1,O Art. 46 da LGPD exige dos agentes de tratamento:,Art. 46,Medidas técnicas e administrativas de segurança,Apenas um antivírus | Somente política escrita | Certificação ISO obrigatória,"Medidas de segurança, técnicas e administrativas, aptas a proteger os dados de acessos não autorizados e de situações acidentais ou ilícitas de destruição, perda, alteração, comunicação ou difusão."
TI,1,O provedor de nuvem que armazena dados em nome da empresa é:,"Art. 5º, VII",Operador,Controlador | Titular | Encarregado,"Operador: realiza o tratamento em nome do controlador (Art. 5º, VII) e deve seguir suas instruções (Art. 39)."
TI,3,"A empresa de nuvem contratada pelo OPERADOR (não pelo controlador) para ajudá-lo é, pelo Guia da ANPD:","Guia Orientativo Agentes de Tratamento (ANPD, v2.0, 2022)","Suboperadora, equiparável ao operador nas suas atividades",Controladora conjunta | Titular | Fora do alcance da LGPD,"Suboperadora: contratada pelo operador para auxiliá-lo, com relação direta com o operador; pode ser equiparada ao operador nas atividades que executa. Recomenda-se autorização do controlador."
TI,1,Conceder a cada usuário apenas os acessos necessários à sua função é o princípio de:,"Guia Segurança da Informação (ANPD, 2021)",Menor privilégio (need to know),Acesso total | Livre acesso público | Portabilidade,"Menor privilégio (need to know): permissões na proporção da necessidade, com autenticação, autorização e auditoria."
TI,1,"Sobre autenticação, o Guia de Segurança da ANPD recomenda:","Guia Segurança da Informação (ANPD, 2021)","Autenticação multifator e senhas fortes, sem contas compartilhadas",Senha única para a equipe | Senha padrão do fornecedor | Acesso sem senha,"Preferencialmente autenticação multifator (MFA), senhas complexas, sem compartilhar contas e sem manter senhas padrão de fornecedores."
TI,2,"Logs de acesso são importantes, à luz da Resolução CD/ANPD nº 15/2024, para:","Res. CD/ANPD nº 15/2024, art. 10; Art. 48","Investigar, registrar e comunicar incidentes",Ocupar espaço em disco | Marketing | Nada relevante,"Apurar e registrar incidentes: o controlador deve manter registro do incidente com circunstâncias, dados afetados, avaliação de risco e medidas — e responder à ANPD com a causa principal."
TI,2,O Guia de Segurança da ANPD cita a criptografia como exemplo de técnica de:,"Guia Segurança (ANPD, 2021); Art. 13, § 4º",Pseudonimização dos dados armazenados,Anonimização irreversível | Eliminação | Portabilidade,"Pseudonimização de dados armazenados, recomendada especialmente para dados sensíveis."
TI,2,"Backups com dados pessoais devem, segundo a ANPD:","Guia Segurança da Informação (ANPD, 2021)",Ficar em local distinto e não sincronizados em tempo real,Ficar no mesmo servidor | Ser feitos uma vez por ano | Ser públicos,"Ser regulares e completos, guardados em locais seguros e distintos dos dispositivos principais, e não sincronizados online em tempo real (contra ransomware)."
TI,1,"Manter sistemas atualizados com as correções (patches) dos fornecedores é, para a ANPD:","Guia Segurança (ANPD, 2021)",Medida técnica contra vulnerabilidades,Opcional | Risco desnecessário | Só para servidores,"Medida técnica contra vulnerabilidades, ao lado de antivírus atualizado com varreduras periódicas."
TI,2,"Sobre o antivírus nas estações, o Guia da ANPD recomenda que:","Guia Segurança (ANPD, 2021)",Não possa ser desativado pelos usuários,Seja opcional | Fique desligado para desempenho | Rode só na sexta,"Esteja atualizado, com varreduras periódicas e sem possibilidade de desativação pelos usuários."
TI,2,"O que é 'incidente de segurança', pela Resolução CD/ANPD nº 15/2024?","Res. CD/ANPD nº 15/2024, art. 3º, XII","Evento adverso confirmado que viola confidencialidade, integridade, disponibilidade ou autenticidade",Qualquer erro de sistema | Só ataque hacker externo | Só perda física de papel,"Qualquer evento adverso confirmado, relacionado à violação das propriedades de confidencialidade, integridade, disponibilidade e autenticidade da segurança de dados pessoais."
TI,3,A mera existência de uma vulnerabilidade em um sistema é um incidente de segurança?,Página CIS da ANPD (gov.br/anpd),Não: vulnerabilidade não é incidente; incidente é evento confirmado,"Sim, sempre | Sim, se for crítica | Sim, se a ANPD souber","Não. Segundo a ANPD, a mera existência de vulnerabilidade não constitui incidente — incidente é evento adverso confirmado."
TI,3,Um incidente que envolveu somente dados anonimizados precisa ser comunicado à ANPD?,Página CIS da ANPD; Art. 12,Não,"Sim, sempre | Sim, em 3 dias úteis | Sim, ao Procon",Não: incidentes que envolvam somente dados anonimizados ou não relacionados a pessoas identificáveis não precisam ser comunicados (orientação oficial da ANPD).
TI,2,O prazo de 3 dias úteis para comunicar o incidente à ANPD conta a partir de:,"Res. CD/ANPD nº 15/2024, art. 6º, § 1º",Do conhecimento de que o incidente afetou dados pessoais,Da data do ataque | Do boletim de ocorrência | Do fim da investigação,"Do conhecimento pelo controlador de que o incidente afetou dados pessoais (art. 6º, § 1º); em dobro para agentes de pequeno porte (§ 8º)."
TI,2,O operador detecta um incidente nos dados que trata para o controlador. Ele deve:,Página CIS da ANPD; Art. 48,Informar o controlador sem demora; a comunicação à ANPD é do controlador,Comunicar a ANPD por conta própria e não avisar o controlador | Esperar o controlador descobrir | Apagar os logs,Informar o fato ao controlador sem demora injustificada e fornecer as informações — a comunicação à ANPD e aos titulares é obrigação do controlador (Art. 48).
TI,3,"A comunicação de incidente à ANPD deve conter, entre outros:","Res. CD/ANPD nº 15/2024, art. 6º, § 2º","Dados afetados, número de titulares, medidas, riscos, datas e causa principal",Apenas o nome da empresa | A lista completa dos titulares | O código-fonte do sistema,"A natureza e categoria dos dados; o número de titulares (discriminando crianças, adolescentes e idosos); as medidas antes e depois; os riscos; as datas do incidente e do conhecimento; a causa principal; os dados do encarregado."
TI,3,"Por quanto tempo o controlador deve manter o registro de um incidente, inclusive dos não comunicados?","Res. CD/ANPD nº 15/2024, art. 10",No mínimo 5 anos,6 meses | Até o fim do ano | Não precisa registrar,"Pelo prazo mínimo de cinco anos, contado da data do registro, com data de conhecimento, circunstâncias, dados, número de titulares, avaliação de risco, medidas e motivos de eventual não comunicação."
TI,3,"Se for inviável comunicar cada titular afetado individualmente, a Resolução nº 15/2024 admite:","Res. CD/ANPD nº 15/2024, art. 9º, § 3º","Divulgação pública por, no mínimo, três meses",Não comunicar | Comunicar só a ANPD | Anúncio de um dia no jornal,"Divulgação em sítio eletrônico, aplicativos, mídias sociais e canais de atendimento, por no mínimo três meses."
TI,2,Vazamento de logins e senhas (dados de autenticação) é critério de 'risco ou dano relevante'?,"Res. CD/ANPD nº 15/2024, art. 5º, IV","Sim, é critério expresso da Resolução","Não, senha não é dado pessoal | Só se forem senhas de administrador | Só se houver mais de mil","Sim: dados de autenticação em sistemas são um dos critérios (art. 5º, IV), ao lado de sensíveis, de crianças/adolescentes/idosos, financeiros, sob sigilo e em larga escala."
TI,3,Como a ANPD define 'larga escala' para fins de incidente?,"Res. CD/ANPD nº 15/2024, art. 5º, § 2º","Número significativo de titulares, considerando volume, duração, frequência e extensão geográfica","Mais de 1 milhão de registros, fixo | Qualquer banco de dados | Só bancos de dados públicos","Número significativo de titulares, considerando ainda o volume de dados, a duração, a frequência e a extensão geográfica da localização dos titulares."
TI,2,A obrigação de garantir a segurança da informação vale mesmo após o término do tratamento?,Art. 47,"Sim, mesmo após o término","Não, só durante | Só para dados sensíveis | Só se houver contrato",Sim: os agentes e qualquer pessoa que intervenha no tratamento obrigam-se a garantir a segurança mesmo após o seu término (Art. 47).
TI,2,Os sistemas usados para tratar dados pessoais devem ser estruturados para:,Art. 49,"Atender a requisitos de segurança, boas práticas e princípios da lei",Maximizar a coleta de dados | Evitar logs | Ignorar a governança,"Atender aos requisitos de segurança, aos padrões de boas práticas e de governança e aos princípios gerais da lei (Art. 49)."
TI,2,"'Privacidade por padrão', pelo Guia do Encarregado da ANPD, significa que as configurações protetivas:","Guia Atuação do Encarregado (ANPD, 2024); Art. 46, § 2º","Vêm ativadas automaticamente, sem ação do usuário",Devem ser ativadas pelo usuário | São opcionais | Só existem em produtos pagos,"São acionadas automaticamente por padrão, sem intervenção do usuário; e as medidas de segurança devem existir desde a concepção do produto (Art. 46, § 2º)."
TI,2,"Uso de celulares pessoais para fins institucionais, segundo o Guia de Segurança da ANPD:","Guia Segurança (ANPD, 2021)","Não recomendado sem medidas equivalentes (MFA, apagamento remoto)",Livremente permitido | Obrigatório | Proibido pela lei,"Não é recomendado sem medidas equivalentes às dos dispositivos institucionais; recomenda-se MFA, separação de dados e possibilidade de apagamento remoto."
TI,2,"Ao contratar serviço de nuvem, o Guia da ANPD recomenda:","Guia Segurança (ANPD, 2021)",SLA que contemple a segurança dos dados e MFA no acesso,Só o menor preço | Sem contrato | Senha compartilhada pela equipe,Contrato com acordo de nível de serviço (SLA) contemplando a segurança dos dados armazenados e MFA para o acesso.
TI,3,"Ao usar as cláusulas-padrão da ANPD para transferir dados a um provedor no exterior, a empresa deve:","Res. CD/ANPD nº 19/2024, art. 16","Adotá-las integralmente, sem alterar o texto",Adaptá-las livremente | Traduzi-las para o inglês apenas | Substituí-las pelo contrato do fornecedor,"Adotá-las integralmente e sem alteração do texto do Anexo II; outras cláusulas do contrato não podem excluir, modificar ou contrariar as cláusulas-padrão."
TI,3,Servidores na União Europeia: a transferência conta com qual mecanismo do Art. 33?,"Art. 33, I; Res. CD/ANPD nº 32/2026",Decisão de adequação da ANPD (Res. 32/2026),Nenhum; é proibido | Autorização do titular apenas | Cláusulas do fornecedor,"Decisão de adequação: a ANPD reconheceu a União Europeia e o EEE (Islândia, Liechtenstein e Noruega) como adequados (Res. nº 32/2026), com reavaliação em quatro anos."
TI,3,Um site no exterior que coleta dados diretamente de usuários no Brasil realiza 'transferência internacional'?,"Res. CD/ANPD nº 19/2024, arts. 6º e 8º","Não, é coleta internacional; a LGPD ainda se aplica","Sim, sempre | Sim, e exige cláusulas-padrão | Não, e a LGPD não se aplica",Não: a coleta internacional de dados não caracteriza transferência internacional (art. 6º) — mas a LGPD se aplica ao tratamento (Art. 3º).
TI,2,"Eliminação de dados em mídias físicas descartadas, segundo a ANPD:","Guia Segurança (ANPD, 2021)",Formatação/destruição física; terceiros com registro da destruição,Jogar no lixo comum | Doar com os dados | Guardar para sempre,"Formatação ou destruição física; se o descarte for por terceiros, contrato com cláusulas de registro da destruição."
TI,1,"Compartilhar logins e senhas entre colegas é, para o Guia de Segurança da ANPD:","Guia Segurança (ANPD, 2021)",Prática a evitar,Recomendado para agilidade | Obrigatório em férias | Indiferente,"Prática a evitar: não compartilhar contas nem credenciais, para preservar autenticação, autorização e auditoria."
TI,3,A ANPD determinou 'ampla divulgação' de um incidente em meios de comunicação. Isso é a sanção de 'publicização'?,"Res. CD/ANPD nº 15/2024, art. 19, § 6º, e art. 22","Não: é providência de salvaguarda, não sanção","Sim, é a mesma coisa | Sim, e cumulativa com multa | É uma multa diária",Não: a ampla divulgação é providência para salvaguardar titulares e não se confunde com a sanção de publicização da infração; as providências do art. 19 não constituem sanções.
ATENDIMENTO,2,"Alguém liga pedindo 'todos os dados' de um cliente. Antes de responder, o atendimento deve considerar que:","Art. 18, § 3º; Art. 46",Só o titular ou representante legal pode pedir; confirmar a identidade,Deve entregar imediatamente a qualquer pessoa | Deve negar sempre | Deve cobrar uma taxa,"Os direitos são exercidos por requerimento expresso do titular ou de representante legalmente constituído (Art. 18, § 3º), e a empresa deve proteger os dados de acesso não autorizado (Art. 46) — logo, confirma-se quem está pedindo."
ATENDIMENTO,1,A consulta do titular sobre a forma e a duração do tratamento e sobre a integralidade dos seus dados deve ser:,"Art. 6º, IV; Art. 18, § 5º",Facilitada e gratuita,Paga e burocrática | Negada | Somente presencial,"Facilitada e gratuita (princípio do livre acesso, Art. 6º, IV); os requerimentos são atendidos sem custos (Art. 18, § 5º)."
ATENDIMENTO,1,"Registrar cada pedido do titular, com data e resposta, atende ao princípio da:","Art. 6º, X",Responsabilização e prestação de contas,Publicidade | Gratuidade | Reciprocidade,"Responsabilização e prestação de contas: demonstrar a adoção de medidas eficazes e comprovar o cumprimento das normas (Art. 6º, X)."
ATENDIMENTO,2,"Um parente pede os dados de outra pessoa, 'porque mora na mesma casa'. O atendimento deve:","Art. 18, § 3º",Recusar: só o titular ou representante legal pode requerer,Entregar por gentileza | Entregar após pagamento | Enviar por e-mail ao parente,"Não entregar: o requerimento é do titular ou de representante legalmente constituído (Art. 18, § 3º)."
ATENDIMENTO,1,O cliente pergunta se a empresa trata dados dele. Esse é o direito de:,"Art. 18, I",Confirmação da existência de tratamento,Portabilidade | Anonimização | Revogação,"Confirmação da existência de tratamento (Art. 18, I) — em formato simplificado, imediatamente (Art. 19, I)."
ATENDIMENTO,2,Prazos do Art. 19 para confirmação de existência de tratamento e acesso aos dados:,"Art. 19, I e II",Simplificado: imediato; declaração completa: até 15 dias,30 dias em qualquer caso | 72 horas | Não há prazo,"Formato simplificado: imediatamente; declaração clara e completa (origem, critérios, finalidade): até 15 dias do requerimento."
ATENDIMENTO,1,O cliente informa que seu endereço no cadastro está errado. Ele exerce o direito de:,"Art. 18, III",Correção,Portabilidade | Bloqueio | Revogação,"Correção de dados incompletos, inexatos ou desatualizados (Art. 18, III)."
ATENDIMENTO,2,O cliente pede a eliminação dos dados que forneceu com consentimento. A empresa:,"Art. 18, VI; Art. 16","Elimina, salvo hipótese legal de conservação (Art. 16)",Recusa sempre | Cobra uma taxa | Só elimina após 5 anos,"Deve eliminar (Art. 18, VI), exceto nas hipóteses de conservação do Art. 16 — por exemplo, obrigação legal."
ATENDIMENTO,2,"Dados desnecessários, excessivos ou tratados em desconformidade com a lei dão ao titular o direito de pedir:","Art. 18, IV","Anonimização, bloqueio ou eliminação",Indenização automática | Cópia impressa apenas | Nada,"Anonimização, bloqueio ou eliminação desses dados (Art. 18, IV)."
ATENDIMENTO,2,"Ao pedir consentimento, o atendimento deve informar ao titular:","Art. 18, VIII",Que pode recusar e quais as consequências,Que é obrigatório consentir | Que a recusa cancela a conta | Nada além do pedido,"A possibilidade de não fornecer o consentimento e as consequências da negativa (Art. 18, VIII)."
ATENDIMENTO,3,"A empresa recebe um pedido, mas não é ela quem trata os dados daquela pessoa. Ela deve:","Art. 18, § 4º, I","Responder que não é agente de tratamento e indicar quem é, se possível",Ignorar | Inventar uma resposta | Encaminhar à polícia,"Comunicar que não é agente de tratamento dos dados e indicar, sempre que possível, o agente (Art. 18, § 4º, I)."
ATENDIMENTO,2,As informações e dados pedidos pelo titular podem ser fornecidos:,"Art. 19, § 2º","Por meio eletrônico seguro ou impresso, a critério do titular",Só por carta | Só presencialmente | Só por telefone,"A critério do titular: por meio eletrônico seguro e idôneo, ou sob forma impressa (Art. 19, § 2º)."
ATENDIMENTO,3,"Se a empresa não resolver a reclamação, o titular pode peticionar:","Art. 18, §§ 1º e 8º; Art. 55-J, V",À ANPD e aos organismos de defesa do consumidor,Só ao Judiciário | A ninguém | Só à polícia,Perante a ANPD (que aprecia petições após reclamação ao controlador não solucionada no prazo regulamentar) e também perante os organismos de defesa do consumidor.
ATENDIMENTO,2,"Gravar as ligações do SAC exige, em primeiro lugar:","Art. 6º, I e VI; Art. 9º",Informar o titular sobre a gravação e sua finalidade,"Nada, gravação é livre | Autorização da ANPD | Consentimento por escrito de todos os atendentes","Transparência e finalidade informada: o titular tem direito a informações claras sobre o tratamento, sua finalidade e duração (Art. 9º; Art. 6º, I e VI)."
ATENDIMENTO,2,"Um atendente 'dá uma olhada' no cadastro de um conhecido, sem necessidade para o atendimento. Isso é:","Art. 6º, III; Art. 46; Guia Segurança (ANPD)",Acesso indevido: fere necessidade e controle de acesso,"Normal, ele tem senha | Permitido se não contar a ninguém | Boa prática de atendimento","Acesso sem finalidade e fora da necessidade, contrário ao controle de acesso por menor privilégio — e potencial incidente (acesso não autorizado, Art. 46)."
ATENDIMENTO,2,Durante o atendimento o cliente relata uma doença. Essa informação é:,"Art. 5º, II; Art. 11","Dado sensível, sujeito ao Art. 11",Dado comum | Dado público | Dado irrelevante,"Dado pessoal sensível (saúde), sujeito às hipóteses restritas do Art. 11 — registrar só se indispensável e com base legal adequada."
ATENDIMENTO,2,Consentimento colhido por telefone é válido?,"Art. 8º, caput e § 2º","Sim, se demonstrar a vontade; o controlador deve conseguir provar","Não, só por escrito | Sim, sem necessidade de registro | Não, nunca","Sim, se fornecido por meio que demonstre a manifestação de vontade do titular (Art. 8º, caput); o ônus de provar que foi obtido conforme a lei é do controlador (§ 2º) — daí registrar."
ATENDIMENTO,1,O cliente quer 'cancelar a autorização' que deu para receber ofertas. Isso é:,"Art. 8º, § 5º; Art. 18, IX","Revogação do consentimento, gratuita e facilitada",Impossível | Pedido de portabilidade | Motivo para encerrar a conta,"Revogação do consentimento, a qualquer momento, por procedimento gratuito e facilitado."
ATENDIMENTO,2,O cliente pede para 'levar' seus dados para um concorrente. Esse direito:,"Art. 18, V","É a portabilidade, mediante requisição expressa",Não existe | Só vale para bancos | Exige ordem judicial,"É a portabilidade a outro fornecedor, mediante requisição expressa, conforme regulamentação da ANPD e observados os segredos comercial e industrial (Art. 18, V)."
ATENDIMENTO,3,"Quando o tratamento tem origem em consentimento ou contrato, o titular pode solicitar:","Art. 19, § 3º",Cópia eletrônica integral em formato reutilizável,Apenas um resumo verbal | Nada além da confirmação | Só cópia impressa,"Cópia eletrônica integral dos seus dados, em formato que permita a utilização subsequente, observados os segredos comercial e industrial (Art. 19, § 3º)."
ATENDIMENTO,3,"Após corrigir ou eliminar dados a pedido do titular, o controlador deve:","Art. 18, § 6º","Avisar os agentes com quem compartilhou, para repetirem o procedimento",Nada mais | Avisar a ANPD | Cobrar do titular,"Informar de maneira imediata aos agentes com quem realizou uso compartilhado, para que repitam o procedimento — salvo se impossível ou desproporcional (Art. 18, § 6º)."
ATENDIMENTO,1,Os direitos do titular podem ser exercidos:,"Art. 18, caput","A qualquer momento, mediante requisição",Só uma vez por ano | Só no primeiro mês do contrato | Só após reclamação no Procon,"A qualquer momento e mediante requisição ao controlador (Art. 18, caput)."
ATENDIMENTO,2,Mesmo um agente de pequeno porte dispensado de indicar encarregado deve:,"Res. CD/ANPD nº 2/2022, art. 11, § 1º",Manter um canal de comunicação com o titular,Nada | Encaminhar tudo à ANPD | Contratar um advogado,"Disponibilizar um canal de comunicação com o titular de dados, para aceitar reclamações e comunicações (Art. 41, § 2º, I)."
ATENDIMENTO,3,"A comunicação de incidente aos titulares deve informar, entre outros:","Res. CD/ANPD nº 15/2024, art. 9º","Dados afetados, riscos, medidas e um contato para informações",Só um pedido de desculpas | A lista dos outros afetados | O valor da multa,"A natureza dos dados, os riscos, as medidas, a data do conhecimento e o contato para obter informações (inclusive do encarregado, quando aplicável)."
ATENDIMENTO,2,A linguagem da comunicação de incidente ao titular deve ser:,"Res. CD/ANPD nº 15/2024, art. 9º, § 1º","Simples, direta e individualizada quando possível","Técnica e jurídica | Genérica, em nota de rodapé | Só em inglês","Simples e de fácil entendimento, de forma direta e individualizada quando for possível identificá-los."
ATENDIMENTO,3,Um agente de pequeno porte pode fornecer a confirmação/acesso em formato simplificado em até:,"Res. CD/ANPD nº 2/2022, art. 15",15 dias,"Imediatamente, sem exceção | 90 dias | Nunca","Quinze dias, contados do requerimento — flexibilização do 'imediatamente' do Art. 19, I."
ATENDIMENTO,3,Coletar dados de uma criança apenas para contatar os pais é permitido sem consentimento parental se:,"Art. 14, § 3º","Usados uma única vez, sem armazenar nem repassar",Guardados por 5 anos | Compartilhados com parceiros | Nunca é permitido,"Os dados forem usados uma única vez, sem armazenamento, e não repassados a terceiros (Art. 14, § 3º)."
ATENDIMENTO,3,O titular reclama de um tratamento feito com base em obrigação legal. Ele pode se opor?,"Art. 18, § 2º","Sim, se houver descumprimento da lei","Nunca | Sempre, sem motivo | Só com advogado","Pode opor-se a tratamento realizado com fundamento em hipótese de dispensa de consentimento em caso de descumprimento da lei (Art. 18, § 2º)."
ATENDIMENTO,2,Um cliente que exerceu seus direitos passa a ser mal atendido por 'dar trabalho'. A LGPD:,"Art. 21; Art. 6º, IX",Proíbe usar o exercício de direitos em prejuízo do titular,Permite | Não trata do tema | Recomenda,"Proíbe: os dados referentes ao exercício regular de direitos pelo titular não podem ser utilizados em seu prejuízo (Art. 21), e o tratamento não pode ser discriminatório (Art. 6º, IX)."
ATENDIMENTO,1,Entre as informações que devem estar acessíveis ao titular está o contato do controlador. Onde isso consta?,"Art. 9º, III e IV",Art. 9º — identificação e contato do controlador,Art. 52 — sanções | Art. 33 — transferência internacional | Não consta da lei,"Art. 9º: identificação do controlador (III) e informações de contato (IV), de forma clara, adequada e ostensiva."
ATENDIMENTO,1,Tratar dados para fins discriminatórios ilícitos ou abusivos viola o princípio da:,"Art. 6º, IX",Não discriminação,Livre acesso | Segurança | Qualidade dos dados,"Não discriminação: impossibilidade de realização do tratamento para fins discriminatórios ilícitos ou abusivos (Art. 6º, IX)."
JURIDICO,1,O operador deve realizar o tratamento:,Art. 39,"Segundo as instruções do controlador, que as verifica",Como julgar melhor | Conforme a ANPD determinar caso a caso | Sem qualquer instrução,"Segundo as instruções fornecidas pelo controlador, que verificará a observância das próprias instruções e das normas (Art. 39). O Guia da ANPD recomenda formalizar isso em contrato."
JURIDICO,2,"Ao contratar um fornecedor que tratará dados (operador), em que hipótese ele responde solidariamente com a empresa?","Art. 42, § 1º, I",Descumpre a lei ou as instruções lícitas do controlador,Sempre | Nunca | Só se for empresa pública,"Quando descumpre as obrigações da legislação ou não segue as instruções lícitas do controlador — equiparando-se ao controlador, salvo excludentes do Art. 43. É a única hipótese de equiparação (Guia de Agentes da ANPD)."
JURIDICO,3,Dois controladores diretamente envolvidos no tratamento que causou dano:,"Art. 42, § 1º, II",Respondem solidariamente,Só o maior responde | Nenhum responde | Só o que faturou mais,"Respondem solidariamente, salvo nos casos de exclusão do Art. 43 (Art. 42, § 1º, II)."
JURIDICO,3,Os agentes de tratamento NÃO serão responsabilizados quando provarem que:,Art. 43,"Não trataram, trataram sem violar a lei, ou houve culpa exclusiva do titular/terceiro",Têm seguro | Pediram desculpas | São pequenas empresas,Não realizaram o tratamento que lhes é atribuído; ou o realizaram sem violar a legislação; ou o dano decorre de culpa exclusiva do titular ou de terceiro (Art. 43).
JURIDICO,3,"No processo civil, o juiz pode inverter o ônus da prova a favor do titular quando:","Art. 42, § 2º","Alegação verossímil, hipossuficiência ou prova excessivamente onerosa",Sempre | Nunca | Só em ações coletivas,"A alegação for verossímil, houver hipossuficiência para produzir prova, ou a prova for excessivamente onerosa ao titular (Art. 42, § 2º)."
JURIDICO,3,Quem repara o dano ao titular tem direito de regresso contra os demais responsáveis?,"Art. 42, § 4º","Sim, na medida da participação de cada um",Não | Só contra o operador | Só contra a ANPD,"Sim, na medida de sua participação no evento danoso (Art. 42, § 4º)."
JURIDICO,2,O tratamento é considerado irregular quando:,Art. 44,Descumpre a lei ou não dá a segurança que o titular pode esperar,Apenas quando há multa | Só se houver vazamento | Só em contratos,"Deixa de observar a legislação ou não fornece a segurança que o titular pode esperar, consideradas as circunstâncias (modo, resultado e riscos esperados, técnicas disponíveis à época)."
JURIDICO,2,"Entre as garantias do Art. 33, II, para transferência internacional estão:","Art. 33, II","Cláusulas específicas, cláusulas-padrão, normas corporativas globais, selos e códigos",Apenas o consentimento | Só autorização judicial | Nenhuma; é proibida,"Cláusulas contratuais específicas, cláusulas-padrão contratuais, normas corporativas globais e selos, certificados e códigos de conduta regularmente emitidos."
JURIDICO,3,"Pela Resolução CD/ANPD nº 19/2024, toda transferência internacional exige, cumulativamente:","Res. CD/ANPD nº 19/2024, art. 9º",Base legal E um mecanismo válido do Art. 33,"Só a base legal | Só o mecanismo | Nada, se for para a matriz","Uma hipótese legal do Art. 7º ou 11 E um mecanismo válido (adequação, cláusulas-padrão, normas corporativas globais, cláusulas específicas ou as demais hipóteses do Art. 33), limitada ao mínimo necessário."
JURIDICO,3,As cláusulas-padrão contratuais da ANPD são válidas quando:,"Res. CD/ANPD nº 19/2024, art. 16","Adotadas integralmente, sem alteração do texto",Adaptadas ao negócio | Resumidas em uma página | Substituídas por NDA,"Adotadas integralmente e sem alteração do texto do Anexo II; cláusulas adicionais não podem excluir, modificar ou contrariar as padrão."
JURIDICO,3,Cláusulas contratuais ESPECÍFICAS para transferência internacional:,"Res. CD/ANPD nº 19/2024, art. 21, § 1º",São excepcionais e dependem de aprovação prévia da ANPD,São a regra geral | Dispensam a ANPD | Valem sem base legal,"Só são aprovadas quando a transferência não puder ser feita pelas cláusulas-padrão, por circunstâncias excepcionais comprovadas, e exigem aprovação prévia da ANPD."
JURIDICO,3,Normas corporativas globais destinam-se a transferências:,"Res. CD/ANPD nº 19/2024, arts. 25 a 28","Dentro do mesmo grupo econômico, com aprovação prévia da ANPD",A qualquer terceiro | Só ao Poder Público | Só a países adequados,"Entre organizações do mesmo grupo ou conglomerado, com caráter vinculante, vinculadas a programa de governança e sujeitas a aprovação prévia da ANPD."
JURIDICO,1,Qual organismo internacional foi reconhecido como adequado pela ANPD?,"Res. CD/ANPD nº 32/2026; Art. 33, I",A União Europeia e o Espaço Econômico Europeu,Os Estados Unidos | O Mercosul | Nenhum até hoje,"A União Europeia (e o EEE: Islândia, Liechtenstein e Noruega), pela Resolução nº 32/2026, exceto para segurança pública, defesa e persecução penal; reavaliação em quatro anos."
JURIDICO,3,Prazo dado pela Resolução nº 19/2024 para incorporar as cláusulas-padrão aos contratos existentes:,"Res. CD/ANPD nº 19/2024, art. 2º, parágrafo único",12 meses,30 dias | 5 anos | Não há prazo,Até 12 meses contados da publicação da Resolução (23/08/2024).
JURIDICO,1,A indicação do encarregado deve ser feita:,"Res. CD/ANPD nº 18/2024, art. 3º","Por ato formal escrito, datado e assinado",Verbalmente | Por registro obrigatório na ANPD | Por e-mail ao Procon,"Por ato formal do agente de tratamento — documento escrito, datado e assinado — com as formas de atuação e atividades, apresentado à ANPD quando solicitado. Não precisa ser comunicado à ANPD."
JURIDICO,2,Nas ausências e impedimentos do encarregado:,"Res. CD/ANPD nº 18/2024, art. 4º",Atua um substituto formalmente designado,A função fica vaga | A ANPD indica alguém | Qualquer gerente assume,A função será exercida por substituto formalmente designado.
JURIDICO,3,A indicação de encarregado pelo OPERADOR é:,"Res. CD/ANPD nº 18/2024, art. 6º","Facultativa, como boa prática",Obrigatória com multa | Proibida | Obrigatória só para nuvem,"Facultativa, considerada política de boas práticas de governança (Art. 52, § 1º, IX)."
JURIDICO,3,"Perante a ANPD, o responsável pela conformidade do tratamento é:","Res. CD/ANPD nº 18/2024, arts. 11 e 17","O agente de tratamento, não o encarregado","O encarregado, pessoalmente | O advogado da empresa | O titular",O agente de tratamento — o desempenho das atribuições não confere ao encarregado a responsabilidade pela conformidade (art. 17).
JURIDICO,2,"Divulgar no site apenas um e-mail 'encarregado@empresa.com.br', sem nome, atende à lei?","Res. CD/ANPD nº 18/2024, art. 9º; Guia Atuação do Encarregado (ANPD, 2024)",Não: falta a identificação (nome completo),"Sim, basta o e-mail | Sim, se houver telefone | Não é preciso divulgar nada","Não: é informação de contato, mas não identifica o encarregado — exige-se o nome completo (pessoa natural) ou o nome empresarial mais o nome da pessoa natural responsável (pessoa jurídica)."
JURIDICO,3,"Há controladoria conjunta, pelo Guia da ANPD, quando:","Guia Orientativo Agentes de Tratamento (ANPD, v2.0, 2022)","Controladores decidem juntos finalidades e elementos essenciais, com acordo de responsabilidades","Duas empresas usam o mesmo software | Há um operador comum | Os dados são os mesmos, com objetivos distintos","Dois ou mais controladores determinam em conjunto, de forma comum ou convergente, as finalidades e os elementos essenciais do tratamento, por acordo que estabeleça as responsabilidades."
JURIDICO,2,O elemento que distingue controlador de operador é:,"Guia Orientativo Agentes de Tratamento (ANPD, v2.0, 2022)",O poder de decisão sobre finalidades e elementos essenciais,O tamanho da empresa | Quem tem mais funcionários | Quem assinou o contrato primeiro,O poder de decisão: o operador só pode agir no limite das finalidades determinadas pelo controlador; a finalidade é sempre estabelecida pelo controlador.
JURIDICO,3,Contrato com terceirizado exige 'ciência ao controlador' quando o operador:,"Guia Orientativo Agentes de Tratamento (ANPD, v2.0, 2022)",Contrata um suboperador,Muda de endereço | Troca de contador | Faz backup,"Contrata um suboperador — o Guia lista entre as obrigações do operador dar ciência ao controlador em caso de contrato com suboperador, e recomenda autorização formal."
JURIDICO,2,A ANPD pode exigir o RIPD do controlador quando:,"Art. 38; Art. 10, § 3º","Determinar, inclusive em tratamentos por legítimo interesse",Nunca | Só após multa | Só para órgãos públicos,"A qualquer tempo, nos termos de regulamento — inclusive quando o tratamento se fundar no legítimo interesse (Art. 10, § 3º). O relatório descreve dados, metodologia, segurança e mitigação de riscos."
JURIDICO,3,"As sanções de suspensão do banco de dados, suspensão da atividade e proibição só podem ser aplicadas:","Art. 52, § 6º, I",Depois de outra sanção no mesmo caso concreto,Como primeira sanção | Só por decisão judicial | Nunca,"Após já ter sido imposta ao menos uma das sanções de multa simples, multa diária, publicização, bloqueio ou eliminação, para o mesmo caso concreto."
JURIDICO,3,"Pela dosimetria da ANPD, 'reincidência específica' é repetir infração ao mesmo dispositivo no período de:","Res. CD/ANPD nº 4/2023, art. 2º",5 anos,1 ano | 10 anos | Sem limite de tempo,"Cinco anos, contados do trânsito em julgado do processo administrativo sancionador; a genérica é qualquer infração no mesmo período."
JURIDICO,3,"Tratar dados 'sem amparo em uma das hipóteses legais' torna a infração, pela Resolução nº 4/2023:","Res. CD/ANPD nº 4/2023, art. 8º",Grave,Leve | Irrelevante | Isenta de sanção,"Grave — quando, além de poder afetar significativamente direitos, ocorre sem hipótese legal, com dados sensíveis ou de crianças, em larga escala, com vantagem econômica, entre outras."
JURIDICO,2,A advertência é a sanção cabível quando:,"Res. CD/ANPD nº 4/2023, art. 9º",Infração leve ou média sem reincidência específica,"Sempre, na primeira vez | Só para pequenas empresas | Nunca","A infração for leve ou média e não caracterizar reincidência específica, ou quando houver necessidade de medidas corretivas."
JURIDICO,2,"Um programa de governança em privacidade (Art. 50, § 2º) deve, entre outros pontos:","Art. 50, § 2º, I",Contar com plano de resposta a incidentes e avaliação de riscos,Ser apenas um documento assinado | Substituir o encarregado | Dispensar o ROPA,"Contar com planos de resposta a incidentes e remediação, políticas baseadas em avaliação de riscos, mecanismos de supervisão e atualização constante."
JURIDICO,3,Vazamentos individuais ou acessos não autorizados podem ser objeto de:,"Art. 52, § 7º",Conciliação direta entre controlador e titular,Apenas processo criminal | Nada | Só multa automática,"Conciliação direta entre controlador e titular; sem acordo, o controlador fica sujeito às penalidades do Art. 52."
JURIDICO,3,Dados pessoais de acesso público (ex.: diário oficial) podem ser tratados considerando:,"Art. 7º, § 3º","Finalidade, boa-fé e interesse público da disponibilização","Nada, são livres | Só com consentimento | Só pelo Poder Público","A finalidade, a boa-fé e o interesse público que justificaram sua disponibilização (Art. 7º, § 3º)."
JURIDICO,2,Violações de direitos do titular em relações de consumo:,Art. 45,Seguem também as regras do direito do consumidor,Ficam isentas | Só a LGPD se aplica | Só o CDC se aplica,"Permanecem sujeitas às regras de responsabilidade da legislação pertinente (CDC), além da LGPD (Art. 45)."
JURIDICO,1,A aplicação das sanções da LGPD compete:,Art. 55-K,Exclusivamente à ANPD,A qualquer órgão de fiscalização | Ao Procon | Ao Banco Central,"Exclusivamente à ANPD, cujas competências prevalecem, quanto à proteção de dados, sobre as de outros órgãos."
JURIDICO,2,Os regulamentos e normas da ANPD devem ser precedidos de:,"Art. 55-J, § 2º",Consulta e audiência públicas e análise de impacto regulatório,Nada | Aprovação do Senado em cada caso | Referendo,"Consulta e audiência públicas e análises de impacto regulatório (Art. 55-J, § 2º)."
